{
  "swagger" : "2.0",
  "info" : {
    "version" : "1.0",
    "title" : "Summary about the new REST service.",
    "description" : "Summary about the new REST service."
  },
  "host" : "localhost:8686",
  "basePath" : "/",
  "schemes" : [ "http" ],
  "paths" : {
    "/hello/{name}" : {
      "get" : {
        "summary" : "",
        "description" : "",
        "operationId" : "get-hello",
        "consumes" : [ "application/json" ],
        "produces" : [ "application/json" ],
        "parameters" : [ {
          "name" : "name",
          "in" : "path",
          "description" : "",
          "type" : "string",
          "required" : true
        } ],
        "responses" : {
          "200" : {
            "description" : "a Element to be returned",
            "schema" : {
              "$ref" : "#/definitions/Element"
            }
          }
        }
      }
    }
  },
  "definitions" : {
    "Element" : {
      "type" : "object",
      "properties" : {
        "message" : {
          "type" : "string"
        }
      }
    }
  }
}